Registry,Assignment,Organization Name,Organization Address
MA-L,4C5F70,Intel Corporate,"Lot 8, Jalan Hi-Tech 2/3   Kulim Kedah MY 09000 "
MA-L,70D8C2,Intel Corporate,"Lot 8, Jalan Hi-Tech 2/3   Kulim Kedah MY 09000 "
MA-L,E46017,Intel Corporate,"Lot 8, Jalan Hi-Tech 2/3   Kulim Kedah MY 09000 "
MA-L,30F6EF,Intel Corporate,"Lot 8, Jalan Hi-Tech 2/3   Kulim Kedah MY 09000 "
MA-L,586D67,Intel Corporate,"Lot 8, Jalan Hi-Tech 2/3   Kulim Kedah MY 09000 "
MA-L,F46D3F,Intel Corporate,"Lot 8, Jalan Hi-Tech 2/3   Kulim Kedah MY 09000 "
MA-L,F4C88A,Intel Corporate,"Lot 8, Jalan Hi-Tech 2/3   Kulim Kedah MY 09000 "
MA-L,303EA7,Intel Corporate,"Lot 8, Jalan Hi-Tech 2/3   Kulim Kedah MY 09000 "
MA-L,50284A,Intel Corporate,"Lot 8, Jalan Hi-Tech 2/3   Kulim Kedah MY 09000 "
MA-L,78AF08,Intel Corporate,"Lot 8, Jalan Hi-Tech 2/3   Kulim Kedah MY 09000 "
MA-L,14755B,Intel Corporate,"Lot 8, Jalan Hi-Tech 2/3   Kulim Kedah MY 09000 "
MA-L,BC6EE2,Intel Corporate,"Lot 8, Jalan Hi-Tech 2/3   Kulim Kedah MY 09000 "
MA-L,4C445B,Intel Corporate,"Lot 8, Jalan Hi-Tech 2/3   Kulim Kedah MY 09000 "
MA-L,387A0E,Intel Corporate,"Lot 8, Jalan Hi-Tech 2/3   Kulim Kedah MY 09000 "
MA-L,44E517,Intel Corporate,"Lot 8, Jalan Hi-Tech 2/3   Kulim Kedah MY 09000 "
MA-L,70CD0D,Intel Corporate,"Lot 8, Jalan Hi-Tech 2/3   Kulim Kedah MY 09000 "
MA-L,28DFEB,Intel Corporate,"Lot 8, Jalan Hi-Tech 2/3   Kulim Kedah MY 09000 "
MA-L,086AC5,Intel Corporate,"Lot 8, Jalan Hi-Tech 2/3   Kulim Kedah MY 09000 "
MA-L,6CFE54,Intel Corporate,"Lot 8, Jalan Hi-Tech 2/3   Kulim Kedah MY 09000 "
MA-L,6C9466,Intel Corporate,"Lot 8, Jalan Hi-Tech 2/3   Kulim Kedah MY 09000 "
MA-L,5414F3,Intel Corporate,"Lot 8, Jalan Hi-Tech 2/3   Kulim Kedah MY 09000 "
MA-L,EC63D7,Intel Corporate,"Lot 8, Jalan Hi-Tech 2/3   Kulim Kedah MY 09000 "
MA-L,14857F,Intel Corporate,"Lot 8, Jalan Hi-Tech 2/3   Kulim Kedah MY 09000 "
MA-L,94E23C,Intel Corporate,"Lot 8, Jalan Hi-Tech 2/3   Kulim Kedah MY 09000 "
MA-L,48684A,Intel Corporate,"Lot 8, Jalan Hi-Tech 2/3   Kulim Kedah MY 09000 "
MA-L,BCF171,Intel Corporate,"Lot 8, Jalan Hi-Tech 2/3   Kulim Kedah MY 09000 "
MA-L,1418C3,Intel Corporate,"Lot 8, Jalan Hi-Tech 2/3   Kulim Kedah MY 09000 "
MA-L,004238,Intel Corporate,"Lot 8, Jalan Hi-Tech 2/3   Kulim Kedah MY 09000 "
MA-L,B07D64,Intel Corporate,"Lot 8, Jalan Hi-Tech 2/3   Kulim Kedah MY 09000 "
MA-L,B0A460,Intel Corporate,"Lot 8, Jalan Hi-Tech 2/3  Kulim Kedah MY 09000 "
MA-L,DC1BA1,Intel Corporate,"Lot 8, Jalan Hi-Tech 2/3  Kulim Kedah MY 09000 "
MA-L,AC1203,Intel Corporate,"Lot 8, Jalan Hi-Tech 2/3  Kulim Kedah MY 09000 "
MA-L,64BC58,Intel Corporate,"Lot 8, Jalan Hi-Tech 2/3  Kulim Kedah MY 09000 "
MA-L,C858C0,Intel Corporate,"Lot 8, Jalan Hi-Tech 2/3  Kulim Kedah MY 09000 "
MA-L,0433C2,Intel Corporate,"Lot 8, Jalan Hi-Tech 2/3  Kulim Kedah MY 09000 "
MA-L,84C5A6,Intel Corporate,"Lot 8, Jalan Hi-Tech 2/3  Kulim Kedah MY 09000 "
MA-L,5C80B6,Intel Corporate,"Lot 8, Jalan Hi-Tech 2/3  Kulim Kedah MY 09000 "
MA-L,F8E4E3,Intel Corporate,"Lot 8, Jalan Hi-Tech 2/3  Kulim Kedah MY 09000 "
MA-L,AC675D,Intel Corporate,"Lot 8, Jalan Hi-Tech 2/3  Kulim Kedah MY 09000 "
MA-L,04ED33,Intel Corporate,"Lot 8, Jalan Hi-Tech 2/3  Kulim Kedah MY 09000 "
MA-L,7CB27D,Intel Corporate,"Lot 8, Jalan Hi-Tech 2/3  Kulim Kedah MY 09000 "
MA-L,A4C3F0,Intel Corporate,"Lot 8, Jalan Hi-Tech 2/3  Kulim Kedah MY 09000 "
MA-L,5076AF,Intel Corporate,"Lot 8, Jalan Hi-Tech 2/3  Kulim Kedah MY 09000 "
MA-L,B46921,Intel Corporate,"Lot 8, Jalan Hi-Tech 2/3  Kulim Kedah MY 09000 "
MA-L,38DEAD,Intel Corporate,"Lot 8, Jalan Hi-Tech 2/3  Kulim Kedah MY 09000 "
MA-L,D46D6D,Intel Corporate,"Lot 8, Jalan Hi-Tech 2/3  Kulim Kedah MY 09000 "
MA-L,F8F21E,Intel Corporate,"Lot 8, Jalan Hi-Tech 2/3  Kulim Kedah MY 09000 "
MA-L,28C63F,Intel Corporate,"Lot 8, Jalan Hi-Tech 2/3 Kulim Kedah MY 09000 "
MA-L,9CDA3E,Intel Corporate,"Lot 8, Jalan Hi-Tech 2/3 Kulim Kedah MY 09000 "
MA-L,887873,Intel Corporate,"Lot 8, Jalan Hi-Tech 2/3 Kulim Kedah MY 09000 "
MA-L,7C67A2,Intel Corporate,"Lot 8, Jalan Hi-Tech 2/3 Kulim Kedah MY 09000 "
MA-L,3CF862,Intel Corporate,"Lot 8, Jalan Hi-Tech 2/3 Kulim Kedah MY 09000 "
MA-L,2816AD,Intel Corporate,"Lot 8, Jalan Hi-Tech 2/3 Kulim Kedah MY 09000 "
MA-L,C8F733,Intel Corporate,"Lot 8, Jalan Hi-Tech 2/3  Kulim Kedah MY 09000 "
MA-L,B49691,Intel Corporate,"Lot 8, Jalan Hi-Tech 2/3 Kulim Kedah MY 09000 "
MA-L,C82158,Intel Corporate,"Lot 8, Jalan Hi-Tech 2/3 Kulim Kedah MY 09000 "
MA-L,701CE7,Intel Corporate,"Lot 8, Jalan Hi-Tech 2/3 Kulim Kedah MY 09000 "
MA-L,B8BF83,Intel Corporate,"Lot 8, Jalan Hi-Tech 2/3  Kulim Kedah MY 09000 "
MA-L,58FB84,Intel Corporate,"Lot 8, Jalan Hi-Tech 2/3 Kulim Kedah MY 09000 "
MA-L,E4029B,Intel Corporate,"Lot 8, Jalan Hi-Tech 2/3 Kulim Kedah MY 09000 "
MA-L,D0577B,Intel Corporate,"Lot 8, Jalan Hi-Tech 2/3 Kulim Kedah MY 09000 "
MA-L,7CB0C2,Intel Corporate,"Lot 8, Jalan Hi-Tech 2/3 Kulim Kedah MY 09000 "
MA-L,A4BF01,Intel Corporate,"Lot 8, Jalan Hi-Tech 2/3 Kulim Kedah MY 09000 "
MA-L,A0C589,Intel Corporate,"Lot 8, Jalan Hi-Tech 2/3 Kulim Kedah MY 09000 "
MA-L,A0D37A,Intel Corporate,"Lot 8, Jalan Hi-Tech 2/3 Kulim Kedah MY 09000 "
MA-L,009027,Intel Corporation,HF1-06 HILLSBORO OR US 97124 
MA-L,00A0C9,Intel Corporation,5200 NE ELAM YOUNG PARKWAY HILLSBORO OR US 97124 
MA-L,8CA982,Intel Corporate,"Lot 8, Jalan Hi-Tech 2/3  Kulim Kedah MY 09000 "
MA-L,BC7737,Intel Corporate,"Lot 8, Jalan Hi-Tech 2/3  Kulim Kedah MY 09000 "
MA-L,D8FC93,Intel Corporate,"Lot 8, Jalan Hi-Tech 2/3  Kulim Kedah MY 09000 "
MA-L,B80305,Intel Corporate,"Lot 8, Jalan Hi-Tech 2/3  Kulim Kedah MY 09000 "
MA-L,247703,Intel Corporate,"Lot 8, Jalan Hi-Tech 2/3  Kulim Kedah MY 09000 "
MA-L,74E50B,Intel Corporate,"Lot 8, Jalan Hi-Tech 2/3  Kulim Kedah MY 09000 "
MA-L,C48508,Intel Corporate,"Lot 8, Jalan Hi-Tech 2/3  Kulim Kedah MY 09000 "
MA-L,6805CA,Intel Corporate,"Lot 8, Jalan Hi-Tech 2/3  Kulim Kedah MY 09000 "
MA-L,B8B81E,Intel Corporate,"Lot 8, Jalan Hi-Tech 2/3 Kulim Kedah MY 09000 "
MA-L,00D0B7,Intel Corporation,5200 NE ELAM YOUNG PARKWAY HILLSBORO OR US 97124 
MA-L,000E35,Intel Corporation,2111 NE 25th Ave Hillsboro OR US 97123 
MA-L,0007E9,Intel Corporation,2111 NE 25th Avenue Hillsboro OR US 97124 
MA-L,0013E8,Intel Corporate,"Lot 8, Jalan Hi-tech 2/3 Kulim Kedah MY 09000 "
MA-L,0013CE,Intel Corporate,"Lot 8, Jalan Hi-tech 2/3 Kulim Kedah MY 09000 "
MA-L,B46D83,Intel Corporate,"Lot 8, Jalan Hi-Tech 2/3 Kulim Kedah MY 09000 "
MA-L,C8348E,Intel Corporate,"Lot 8, Jalan Hi-Tech 2/3 Kulim Kedah MY 09000 "
MA-L,4C3488,Intel Corporate,"Lot 8, Jalan Hi-Tech 2/3 Kulim Kedah MY 09000 "
MA-L,1002B5,Intel Corporate,"Lot 8, Jalan Hi-Tech 2/3 Kulim Kedah MY 09000 "
MA-L,189341,Intel Corporate,"Lot 8, Jalan Hi-Tech 2/3   Kulim Kedah MY 09000 "
MA-L,DC4546,Intel Corporate,"Lot 8, Jalan Hi-Tech 2/3   Kulim Kedah MY 09000 "
MA-L,DC97BA,Intel Corporate,"Lot 8, Jalan Hi-Tech 2/3   Kulim Kedah MY 09000 "
MA-L,A0D365,Intel Corporate,"Lot 8, Jalan Hi-Tech 2/3   Kulim Kedah MY 09000 "
MA-L,985F41,Intel Corporate,"Lot 8, Jalan Hi-Tech 2/3   Kulim Kedah MY 09000 "
MA-L,683421,Intel Corporate,"Lot 8, Jalan Hi-Tech 2/3   Kulim Kedah MY 09000 "
MA-L,E8C829,Intel Corporate,"Lot 8, Jalan Hi-Tech 2/3   Kulim Kedah MY 09000 "
MA-L,1091D1,Intel Corporate,"Lot 8, Jalan Hi-Tech 2/3   Kulim Kedah MY 09000 "
MA-L,6C4CE2,Intel Corporate,"Lot 8, Jalan Hi-Tech 2/3   Kulim Kedah MY 09000 "
MA-L,E0C264,Intel Corporate,"Lot 8, Jalan Hi-Tech 2/3   Kulim Kedah MY 09000 "
MA-L,089DF4,Intel Corporate,"Lot 8, Jalan Hi-Tech 2/3   Kulim Kedah MY 09000 "
MA-L,DC4628,Intel Corporate,"Lot 8, Jalan Hi-Tech 2/3   Kulim Kedah MY 09000 "
MA-L,0C9192,Intel Corporate,"Lot 8, Jalan Hi-Tech 2/3   Kulim Kedah MY 09000 "
MA-L,48AD9A,Intel Corporate,"Lot 8, Jalan Hi-Tech 2/3   Kulim Kedah MY 09000 "
MA-L,743AF4,Intel Corporate,"Lot 8, Jalan Hi-Tech 2/3   Kulim Kedah MY 09000 "
MA-L,687A64,Intel Corporate,"Lot 8, Jalan Hi-Tech 2/3   Kulim Kedah MY 09000 "
MA-L,BC0358,Intel Corporate,"Lot 8, Jalan Hi-Tech 2/3   Kulim Kedah MY 09000 "
MA-L,F0D415,Intel Corporate,"Lot 8, Jalan Hi-Tech 2/3   Kulim Kedah MY 09000 "
MA-L,D4D853,Intel Corporate,"Lot 8, Jalan Hi-Tech 2/3   Kulim Kedah MY 09000 "
MA-L,A02942,Intel Corporate,"Lot 8, Jalan Hi-Tech 2/3   Kulim Kedah MY 09000 "
MA-L,00A554,Intel Corporate,"Lot 8, Jalan Hi-Tech 2/3   Kulim Kedah MY 09000 "
MA-L,F0B2B9,Intel Corporate,"Lot 8, Jalan Hi-Tech 2/3   Kulim Kedah MY 09000 "
MA-L,A08069,Intel Corporate,"Lot 8, Jalan Hi-Tech 2/3   Kulim Kedah MY 09000 "
MA-L,70A8D3,Intel Corporate,"Lot 8, Jalan Hi-Tech 2/3   Kulim Kedah MY 09000 "
MA-L,2C3358,Intel Corporate,"Lot 8, Jalan Hi-Tech 2/3   Kulim Kedah MY 09000 "
MA-L,C8CB9E,Intel Corporate,"Lot 8, Jalan Hi-Tech 2/3   Kulim Kedah MY 09000 "
MA-L,F8B54D,Intel Corporate,"Lot 8, Jalan Hi-Tech 2/3   Kulim Kedah MY 09000 "
MA-L,00D76D,Intel Corporate,"Lot 8, Jalan Hi-Tech 2/3   Kulim Kedah MY 09000 "
MA-L,84144D,Intel Corporate,"Lot 8, Jalan Hi-Tech 2/3   Kulim Kedah MY 09000 "
MA-L,4C77CB,Intel Corporate,"Lot 8, Jalan Hi-Tech 2/3   Kulim Kedah MY 09000 "
MA-L,F47B09,Intel Corporate,"Lot 8, Jalan Hi-Tech 2/3   Kulim Kedah MY 09000 "
MA-L,5CE42A,Intel Corporate,"Lot 8, Jalan Hi-Tech 2/3   Kulim Kedah MY 09000 "
MA-L,20C19B,Intel Corporate,"Lot 8, Jalan Hi-Tech 2/3   Kulim Kedah MY 09000 "
MA-L,2C6DC1,Intel Corporate,"Lot 8, Jalan Hi-Tech 2/3   Kulim Kedah MY 09000 "
MA-L,9843FA,Intel Corporate,"Lot 8, Jalan Hi-Tech 2/3   Kulim Kedah MY 09000 "
MA-L,2C8DB1,Intel Corporate,"Lot 8, Jalan Hi-Tech 2/3   Kulim Kedah MY 09000 "
MA-L,586C25,Intel Corporate,"Lot 8, Jalan Hi-Tech 2/3   Kulim Kedah MY 09000 "
MA-L,F077C3,Intel Corporate,"Lot 8, Jalan Hi-Tech 2/3   Kulim Kedah MY 09000 "
MA-L,4C796E,Intel Corporate,"Lot 8, Jalan Hi-Tech 2/3   Kulim Kedah MY 09000 "
MA-L,F09E4A,Intel Corporate,"Lot 8, Jalan Hi-Tech 2/3   Kulim Kedah MY 09000 "
MA-L,AC5AFC,Intel Corporate,"Lot 8, Jalan Hi-Tech 2/3   Kulim Kedah MY 09000 "
MA-L,E02BE9,Intel Corporate,"Lot 8, Jalan Hi-Tech 2/3   Kulim Kedah MY 09000 "
MA-L,B40EDE,Intel Corporate,"Lot 8, Jalan Hi-Tech 2/3   Kulim Kedah MY 09000 "
MA-L,90CCDF,Intel Corporate,"Lot 8, Jalan Hi-Tech 2/3   Kulim Kedah MY 09000 "
MA-L,085BD6,Intel Corporate,"Lot 8, Jalan Hi-Tech 2/3   Kulim Kedah MY 09000 "
MA-L,E0D464,Intel Corporate,"Lot 8, Jalan Hi-Tech 2/3  Kulim Kedah MY 09000 "
MA-L,8C8D28,Intel Corporate,"Lot 8, Jalan Hi-Tech 2/3   Kulim Kedah MY 09000 "
MA-L,C8E265,Intel Corporate,"Lot 8, Jalan Hi-Tech 2/3  Kulim Kedah MY 09000 "
MA-L,982CBC,Intel Corporate,"Lot 8, Jalan Hi-Tech 2/3  Kulim Kedah MY 09000 "
MA-L,BC17B8,Intel Corporate,"Lot 8, Jalan Hi-Tech 2/3  Kulim Kedah MY 09000 "
MA-L,F8AC65,Intel Corporate,"Lot 8, Jalan Hi-Tech 2/3  Kulim Kedah MY 09000 "
MA-L,9CFCE8,Intel Corporate,"Lot 8, Jalan Hi-Tech 2/3  Kulim Kedah MY 09000 "
MA-L,803253,Intel Corporate,"Lot 8, Jalan Hi-Tech 2/3  Kulim Kedah MY 09000 "
MA-L,287FCF,Intel Corporate,"Lot 8, Jalan Hi-Tech 2/3  Kulim Kedah MY 09000 "
MA-L,0CDD24,Intel Corporate,"Lot 8, Jalan Hi-Tech 2/3  Kulim Kedah MY 09000 "
MA-L,50EB71,Intel Corporate,"Lot 8, Jalan Hi-Tech 2/3  Kulim Kedah MY 09000 "
MA-L,5C879C,Intel Corporate,"Lot 8, Jalan Hi-Tech 2/3  Kulim Kedah MY 09000 "
MA-L,24EE9A,Intel Corporate,"Lot 8, Jalan Hi-Tech 2/3  Kulim Kedah MY 09000 "
MA-L,4889E7,Intel Corporate,"Lot 8, Jalan Hi-Tech 2/3  Kulim Kedah MY 09000 "
MA-L,644C36,Intel Corporate,"Lot 8, Jalan Hi-Tech 2/3  Kulim Kedah MY 09000 "
MA-L,3CF011,Intel Corporate,"Lot 8, Jalan Hi-Tech 2/3  Kulim Kedah MY 09000 "
MA-L,FC7774,Intel Corporate,"Lot 8, Jalan Hi-Tech 2/3  Kulim Kedah MY 09000 "
MA-L,00BB60,Intel Corporate,"Lot 8, Jalan Hi-Tech 2/3  Kulim Kedah MY 09000 "
MA-L,34E12D,Intel Corporate,"Lot 8, Jalan Hi-Tech 2/3  Kulim Kedah MY 09000 "
MA-L,3C6AA7,Intel Corporate,"Lot 8, Jalan Hi-Tech 2/3  Kulim Kedah MY 09000 "
MA-L,38BAF8,Intel Corporate,"Lot 8, Jalan Hi-Tech 2/3  Kulim Kedah MY 09000 "
MA-L,2016B9,Intel Corporate,"Lot 8, Jalan Hi-Tech 2/3  Kulim Kedah MY 09000 "
MA-L,94B86D,Intel Corporate,"Lot 8, Jalan Hi-Tech 2/3  Kulim Kedah MY 09000 "
MA-L,34415D,Intel Corporate,"Lot 8, Jalan Hi-Tech 2/3  Kulim Kedah MY 09000 "
MA-L,80000B,Intel Corporate,"Lot 8, Jalan Hi-Tech 2/3  Kulim Kedah MY 09000 "
MA-L,74E5F9,Intel Corporate,"Lot 8, Jalan Hi-Tech 2/3  Kulim Kedah MY 09000 "
MA-L,60F677,Intel Corporate,"Lot 8, Jalan Hi-Tech 2/3  Kulim Kedah MY 09000 "
MA-L,A08869,Intel Corporate,"Lot 8, Jalan Hi-Tech 2/3  Kulim Kedah MY 09000 "
MA-L,A0AFBD,Intel Corporate,"Lot 8, Jalan Hi-Tech 2/3 Kulim Kedah MY 09000 "
MA-L,F85971,Intel Corporate,"Lot 8, Jalan Hi-Tech 2/3 Kulim Kedah MY 09000 "
MA-L,44032C,Intel Corporate,"Lot 8, Jalan Hi-Tech 2/3 Kulim Kedah MY 09000 "
MA-L,34F39A,Intel Corporate,"Lot 8, Jalan Hi-Tech 2/3 Kulim Kedah MY 09000 "
MA-L,9C4E36,Intel Corporate,"Lot 8, Jalan Hi-Tech 2/3  Kulim Kedah MY 09000 "
MA-L,3413E8,Intel Corporate,"Lot 8, Jalan Hi-Tech 2/3  Kulim Kedah MY 09000 "
MA-L,34E6AD,Intel Corporate,"Lot 8, Jalan Hi-Tech 2/3  Kulim Kedah MY 09000 "
MA-L,081196,Intel Corporate,"Lot 8, Jalan Hi-Tech 2/3  Kulim Kedah MY 09000 "
MA-L,B4B676,Intel Corporate,"Lot 8, Jalan Hi-Tech 2/3  Kulim Kedah MY 09000 "
MA-L,3CA9F4,Intel Corporate,"Lot 8, Jalan Hi-Tech 2/3  Kulim Kedah MY 09000 "
MA-L,B88A60,Intel Corporate,"Lot 8, Jalan Hi-Tech 2/3  Kulim Kedah MY 09000 "
MA-L,78FF57,Intel Corporate,"Lot 8, Jalan Hi-Tech 2/3  Kulim Kedah MY 09000 "
MA-L,AC2B6E,Intel Corporate,"Lot 8, Jalan Hi-Tech 2/3 Kulim Kedah MY 09000 "
MA-L,002314,Intel Corporate,"Lot 8, Jalan Hi-Tech 2/3  Kulim Kedah MY 09000 "
MA-L,340286,Intel Corporate,"Lot 8, Jalan Hi-Tech 2/3  Kulim Kedah MY 09000 "
MA-L,001CBF,Intel Corporate,"Lot 8, Jalan Hi-Tech 2/3  Kulim Kedah MY 09000 "
MA-L,34DE1A,Intel Corporate,"Lot 8, Jalan Hi-Tech 2/3  Kulim Kedah MY 09000 "
MA-L,E8B1FC,Intel Corporate,"Lot 8, Jalan Hi-Tech 2/3  Kulim Kedah MY 09000 "
MA-L,CC3D82,Intel Corporate,"Lot 8, Jalan Hi-Tech 2/3  Kulim Kedah MY 09000 "
MA-L,001F3C,Intel Corporate,"Lot 8, Jalan Hi-Tech 2/3  Kulim Kedah MY 09000 "
MA-L,002315,Intel Corporate,"Lot 8, Jalan Hi-Tech 2/3  Kulim Kedah MY 09000 "
MA-L,00166F,Intel Corporate,"Lot 8, Jalan Hi-Tech 2/3  Kulim Kedah MY 09000 "
MA-L,0019D1,Intel Corporate,"Lot 8, Jalan Hi-Tech 2/3  Kulim Kedah MY 09000 "
MA-L,0019D2,Intel Corporate,"Lot 8, Jalan Hi-Tech 2/3  Kulim Kedah MY 09000 "
MA-L,001B21,Intel Corporate,"Lot 8, Jalan Hi-Tech 2/3  Kulim Kedah MY 09000 "
MA-L,18FF0F,Intel Corporate,"Lot 8, Jalan Hi-Tech 2/3 Kulim Kedah MY 09000 "
MA-L,183DA2,Intel Corporate,"Lot 8, Jalan Hi-Tech 2/3  Kulim Kedah MY 09000 "
MA-L,809B20,Intel Corporate,"Lot 8, Jalan Hi-Tech 2/3  Kulim Kedah MY 09000 "
MA-L,002710,Intel Corporate,"Lot 8, Jalan Hi-Tech 2/3  Kulim Kedah MY 09000 "
MA-L,00207B,Intel Corporation,2111 NE 25th Avenue Hillsboro OR US 97124 
MA-L,001175,Intel Corporation, 5200 NE ELAM YOUNG PARKWAY HIllsboro OR US 97124 
MA-L,780CB8,Intel Corporate,"Lot 8, Jalan Hi-Tech 2/3 Kulim Kedah MY 09000 "
MA-L,185E0F,Intel Corporate,"Lot 8, Jalan Hi-Tech 2/3 Kulim Kedah MY 09000 "
MA-L,B047E9,Intel Corporate,"Lot 8, Jalan Hi-Tech 2/3   Kulim Kedah MY 09000 "
MA-L,6C2F80,Intel Corporate,"Lot 8, Jalan Hi-Tech 2/3   Kulim Kedah MY 09000 "
MA-L,D06578,Intel Corporate,"Lot 8, Jalan Hi-Tech 2/3   Kulim Kedah MY 09000 "
MA-L,98BD80,Intel Corporate,"Lot 8, Jalan Hi-Tech 2/3   Kulim Kedah MY 09000 "
MA-L,28A06B,Intel Corporate,"Lot 8, Jalan Hi-Tech 2/3   Kulim Kedah MY 09000 "
MA-L,E4C767,Intel Corporate,"Lot 8, Jalan Hi-Tech 2/3   Kulim Kedah MY 09000 "
MA-L,A002A5,Intel Corporate,"Lot 8, Jalan Hi-Tech 2/3   Kulim Kedah MY 09000 "
MA-L,444988,Intel Corporate,"Lot 8, Jalan Hi-Tech 2/3   Kulim Kedah MY 09000 "
MA-L,102E00,Intel Corporate,"Lot 8, Jalan Hi-Tech 2/3   Kulim Kedah MY 09000 "
MA-L,203A43,Intel Corporate,"Lot 8, Jalan Hi-Tech 2/3   Kulim Kedah MY 09000 "
MA-L,C0A5E8,Intel Corporate,"Lot 8, Jalan Hi-Tech 2/3   Kulim Kedah MY 09000 "
MA-L,906584,Intel Corporate,"Lot 8, Jalan Hi-Tech 2/3   Kulim Kedah MY 09000 "
MA-L,28C5D2,Intel Corporate,"Lot 8, Jalan Hi-Tech 2/3   Kulim Kedah MY 09000 "
MA-L,581CF8,Intel Corporate,"Lot 8, Jalan Hi-Tech 2/3   Kulim Kedah MY 09000 "
MA-L,AC198E,Intel Corporate,"Lot 8, Jalan Hi-Tech 2/3   Kulim Kedah MY 09000 "
MA-L,C85EA9,Intel Corporate,"Lot 8, Jalan Hi-Tech 2/3   Kulim Kedah MY 09000 "
MA-L,C43D1A,Intel Corporate,"Lot 8, Jalan Hi-Tech 2/3   Kulim Kedah MY 09000 "
MA-L,04E8B9,Intel Corporate,"Lot 8, Jalan Hi-Tech 2/3   Kulim Kedah MY 09000 "
MA-L,E02E0B,Intel Corporate,"Lot 8, Jalan Hi-Tech 2/3   Kulim Kedah MY 09000 "
MA-L,A05950,Intel Corporate,"Lot 8, Jalan Hi-Tech 2/3   Kulim Kedah MY 09000 "
MA-L,B03CDC,Intel Corporate,"Lot 8, Jalan Hi-Tech 2/3   Kulim Kedah MY 09000 "
MA-L,8CF8C5,Intel Corporate,"Lot 8, Jalan Hi-Tech 2/3   Kulim Kedah MY 09000 "
MA-L,507C6F,Intel Corporate,"Lot 8, Jalan Hi-Tech 2/3   Kulim Kedah MY 09000 "
MA-L,546CEB,Intel Corporate,"Lot 8, Jalan Hi-Tech 2/3   Kulim Kedah MY 09000 "
MA-L,009337,Intel Corporate,"Lot 8, Jalan Hi-Tech 2/3   Kulim Kedah MY 09000 "
MA-L,10A51D,Intel Corporate,"Lot 8, Jalan Hi-Tech 2/3   Kulim Kedah MY 09000 "
MA-L,088E90,Intel Corporate,"Lot 8, Jalan Hi-Tech 2/3   Kulim Kedah MY 09000 "
MA-L,58CE2A,Intel Corporate,"Lot 8, Jalan Hi-Tech 2/3   Kulim Kedah MY 09000 "
MA-L,847B57,Intel Corporate,"Lot 8, Jalan Hi-Tech 2/3   Kulim Kedah MY 09000 "
MA-L,7C214A,Intel Corporate,"Lot 8, Jalan Hi-Tech 2/3   Kulim Kedah MY 09000 "
MA-L,508492,Intel Corporate,"Lot 8, Jalan Hi-Tech 2/3   Kulim Kedah MY 09000 "
MA-L,8CB87E,Intel Corporate,"Lot 8, Jalan Hi-Tech 2/3   Kulim Kedah MY 09000 "
MA-L,701AB8,Intel Corporate,"Lot 8, Jalan Hi-Tech 2/3   Kulim Kedah MY 09000 "
MA-S,8C1F64397,Intel Corporate,"Lot 8, Jalan Hi-Tech 2/3   Kulim Kedah MY 09000 "
MA-L,F42679,Intel Corporate,"Lot 8, Jalan Hi-Tech 2/3   Kulim Kedah MY 09000 "
MA-L,F44637,Intel Corporate,"Lot 8, Jalan Hi-Tech 2/3   Kulim Kedah MY 09000 "
MA-L,AC74B1,Intel Corporate,"Lot 8, Jalan Hi-Tech 2/3   Kulim Kedah MY 09000 "
MA-L,A0E70B,Intel Corporate,"Lot 8, Jalan Hi-Tech 2/3   Kulim Kedah MY 09000 "
MA-L,C42360,Intel Corporate,"Lot 8, Jalan Hi-Tech 2/3   Kulim Kedah MY 09000 "
MA-L,103D1C,Intel Corporate,"Lot 8, Jalan Hi-Tech 2/3   Kulim Kedah MY 09000 "
MA-L,3887D5,Intel Corporate,"Lot 8, Jalan Hi-Tech 2/3   Kulim Kedah MY 09000 "
MA-L,DC215C,Intel Corporate,"Lot 8, Jalan Hi-Tech 2/3   Kulim Kedah MY 09000 "
MA-L,646EE0,Intel Corporate,"Lot 8, Jalan Hi-Tech 2/3   Kulim Kedah MY 09000 "
MA-L,0456E5,Intel Corporate,"Lot 8, Jalan Hi-Tech 2/3   Kulim Kedah MY 09000 "
MA-L,6479F0,Intel Corporate,"Lot 8, Jalan Hi-Tech 2/3   Kulim Kedah MY 09000 "
MA-L,7C5079,Intel Corporate,"Lot 8, Jalan Hi-Tech 2/3   Kulim Kedah MY 09000 "
MA-L,8038FB,Intel Corporate,"Lot 8, Jalan Hi-Tech 2/3   Kulim Kedah MY 09000 "
MA-L,105107,Intel Corporate,"Lot 8, Jalan Hi-Tech 2/3   Kulim Kedah MY 09000 "
MA-L,F4B301,Intel Corporate,"Lot 8, Jalan Hi-Tech 2/3   Kulim Kedah MY 09000 "
MA-L,AC8247,Intel Corporate,"Lot 8, Jalan Hi-Tech 2/3   Kulim Kedah MY 09000 "
MA-L,E8F408,Intel Corporate,"Lot 8, Jalan Hi-Tech 2/3   Kulim Kedah MY 09000 "
MA-L,E884A5,Intel Corporate,"Lot 8, Jalan Hi-Tech 2/3   Kulim Kedah MY 09000 "
MA-L,D8F883,Intel Corporate,"Lot 8, Jalan Hi-Tech 2/3   Kulim Kedah MY 09000 "
MA-L,FC4482,Intel Corporate,"Lot 8, Jalan Hi-Tech 2/3   Kulim Kedah MY 09000 "
MA-L,3C9C0F,Intel Corporate,"Lot 8, Jalan Hi-Tech 2/3  Kulim Kedah MY 09000 "
MA-L,D0C637,Intel Corporate,"Lot 8, Jalan Hi-Tech 2/3  Kulim Kedah MY 09000 "
MA-L,94E70B,Intel Corporate,"Lot 8, Jalan Hi-Tech 2/3  Kulim Kedah MY 09000 "
MA-L,046C59,Intel Corporate,"Lot 8, Jalan Hi-Tech 2/3  Kulim Kedah MY 09000 "
MA-L,386893,Intel Corporate,"Lot 8, Jalan Hi-Tech 2/3  Kulim Kedah MY 09000 "
MA-L,D0ABD5,Intel Corporate,"Lot 8, Jalan Hi-Tech 2/3  Kulim Kedah MY 09000 "
MA-L,E0D4E8,Intel Corporate,"Lot 8, Jalan Hi-Tech 2/3  Kulim Kedah MY 09000 "
MA-L,14F6D8,Intel Corporate,"Lot 8, Jalan Hi-Tech 2/3  Kulim Kedah MY 09000 "
MA-L,D83BBF,Intel Corporate,"Lot 8, Jalan Hi-Tech 2/3  Kulim Kedah MY 09000 "
MA-L,4C1D96,Intel Corporate,"Lot 8, Jalan Hi-Tech 2/3  Kulim Kedah MY 09000 "
MA-L,94E6F7,Intel Corporate,"Lot 8, Jalan Hi-Tech 2/3  Kulim Kedah MY 09000 "
MA-L,50E085,Intel Corporate,"Lot 8, Jalan Hi-Tech 2/3  Kulim Kedah MY 09000 "
MA-L,DC7196,Intel Corporate,"Lot 8, Jalan Hi-Tech 2/3  Kulim Kedah MY 09000 "
MA-L,B808CF,Intel Corporate,"Lot 8, Jalan Hi-Tech 2/3  Kulim Kedah MY 09000 "
MA-L,681729,Intel Corporate,"Lot 8, Jalan Hi-Tech 2/3  Kulim Kedah MY 09000 "
MA-L,D43B04,Intel Corporate,"Lot 8, Jalan Hi-Tech 2/3  Kulim Kedah MY 09000 "
MA-L,04EA56,Intel Corporate,"Lot 8, Jalan Hi-Tech 2/3  Kulim Kedah MY 09000 "
MA-L,983B8F,Intel Corporate,"Lot 8, Jalan Hi-Tech 2/3  Kulim Kedah MY 09000 "
MA-L,1C1BB5,Intel Corporate,"Lot 8, Jalan Hi-Tech 2/3  Kulim Kedah MY 09000 "
MA-L,DC8B28,Intel Corporate,"Lot 8, Jalan Hi-Tech 2/3  Kulim Kedah MY 09000 "
MA-L,302432,Intel Corporate,"Lot 8, Jalan Hi-Tech 2/3  Kulim Kedah MY 09000 "
MA-L,0C5415,Intel Corporate,"Lot 8, Jalan Hi-Tech 2/3  Kulim Kedah MY 09000 "
MA-L,5C5F67,Intel Corporate,"Lot 8, Jalan Hi-Tech 2/3  Kulim Kedah MY 09000 "
MA-L,E470B8,Intel Corporate,"Lot 8, Jalan Hi-Tech 2/3  Kulim Kedah MY 09000 "
MA-L,F83441,Intel Corporate,"Lot 8, Jalan Hi-Tech 2/3  Kulim Kedah MY 09000 "
MA-L,ACED5C,Intel Corporate,"Lot 8, Jalan Hi-Tech 2/3 Kulim Kedah MY 09000 "
MA-L,34F64B,Intel Corporate,"Lot 8, Jalan Hi-Tech 2/3 Kulim Kedah MY 09000 "
MA-L,9061AE,Intel Corporate,"Lot 8, Jalan Hi-Tech 2/3 Kulim Kedah MY 09000 "
MA-L,00E18C,Intel Corporate,"Lot 8, Jalan Hi-Tech 2/3 Kulim Kedah MY 09000 "
MA-L,E442A6,Intel Corporate,"Lot 8, Jalan Hi-Tech 2/3 Kulim Kedah MY 09000 "
MA-L,00DBDF,Intel Corporate,"Lot 8, Jalan Hi-Tech 2/3  Kulim Kedah MY 09000 "
MA-L,98541B,Intel Corporate,"Lot 8, Jalan Hi-Tech 2/3 Kulim Kedah MY 09000 "
MA-L,84EF18,Intel Corporate,"Lot 8, Jalan Hi-Tech 2/3 Kulim Kedah MY 09000 "
MA-L,F0421C,Intel Corporate,"Lot 8, Jalan Hi-Tech 2/3 Kulim Kedah MY 09000 "
MA-L,B4D5BD,Intel Corporate,"Lot 8, Jalan Hi-Tech 2/3 Kulim Kedah MY 09000 "
MA-L,30E37A,Intel Corporate,"Lot 8, Jalan Hi-Tech 2/3 Kulim Kedah MY 09000 "
MA-L,84683E,Intel Corporate,"Lot 8, Jalan Hi-Tech 2/3 Kulim Kedah MY 09000 "
MA-L,E4B318,Intel Corporate,"Lot 8, Jalan Hi-Tech 2/3 Kulim Kedah MY 09000 "
MA-L,7CCCB8,Intel Corporate,"Lot 8, Jalan Hi-Tech 2/3  Kulim Kedah MY 09000 "
MA-L,F40669,Intel Corporate,"Lot 8, Jalan Hi-Tech 2/3  Kulim Kedah MY 09000 "
MA-L,001DE1,Intel Corporate,"Lot 8, Jalan Hi-Tech 2/3  Kulim Kedah MY 09000 "
MA-L,001F3B,Intel Corporate,"Lot 8, Jalan Hi-Tech 2/3  Kulim Kedah MY 09000 "
MA-L,00215D,Intel Corporate,"Lot 8, Jalan Hi-Tech 2/3  Kulim Kedah MY 09000 "
MA-L,00216A,Intel Corporate,"Lot 8, Jalan Hi-Tech 2/3  Kulim Kedah MY 09000 "
MA-L,8086F2,Intel Corporate,"Lot 8, Jalan Hi-Tech 2/3  Kulim Kedah MY 09000 "
MA-L,E09467,Intel Corporate,"Lot 8, Jalan Hi-Tech 2/3  Kulim Kedah MY 09000 "
MA-L,08D40C,Intel Corporate,"Lot 8, Jalan Hi-Tech 2/3  Kulim Kedah MY 09000 "
MA-L,6C8814,Intel Corporate,"Lot 8, Jalan Hi-Tech 2/3  Kulim Kedah MY 09000 "
MA-L,90E2BA,Intel Corporate,"Lot 8, Jalan Hi-Tech 2/3  Kulim Kedah MY 09000 "
MA-L,0026C7,Intel Corporate,"Lot 8, Jalan Hi-Tech 2/3  Kulim Kedah MY 09000 "
MA-L,0026C6,Intel Corporate,"Lot 8, Jalan Hi-Tech 2/3  Kulim Kedah MY 09000 "
MA-L,303A64,Intel Corporate,"Lot 8, Jalan Hi-Tech 2/3  Kulim Kedah MY 09000 "
MA-L,ACFDCE,Intel Corporate,"Lot 8, Jalan Hi-Tech 2/3  Kulim Kedah MY 09000 "
MA-L,E09D31,Intel Corporate,"Lot 8, Jalan Hi-Tech 2/3  Kulim Kedah MY 09000 "
MA-L,88532E,Intel Corporate,"Lot 8, Jalan Hi-Tech 2/3  Kulim Kedah MY 09000 "
MA-L,001676,Intel Corporate,"Lot 8, Jalan Hi-Tech 2/3  Kulim Kedah MY 09000 "
MA-L,0016EA,Intel Corporate,"Lot 8, Jalan Hi-Tech 2/3  Kulim Kedah MY 09000 "
MA-L,001B77,Intel Corporate,"Lot 8, Jalan Hi-Tech 2/3  Kulim Kedah MY 09000 "
MA-L,001CC0,Intel Corporate,"Lot 8, Jalan Hi-Tech 2/3  Kulim Kedah MY 09000 "
MA-L,104A7D,Intel Corporate,"Lot 8, Jalan Hi-Tech 2/3 Kulim Kedah MY 09000 "
MA-L,0012F0,Intel Corporate,"Lot 8, Jalan Hi-tech 2/3 Kulim Kedah MY 09000 "
MA-L,E4F89C,Intel Corporate,"Lot 8, Jalan Hi-Tech 2/3 Kulim Kedah MY 09000 "
MA-L,6CA100,Intel Corporate,"Lot 8, Jalan Hi-Tech 2/3 Kulim Kedah MY 09000 "
MA-L,A402B9,Intel Corporate,"Lot 8, Jalan Hi-Tech 2/3 Kulim Kedah MY 09000 "
MA-L,DC5360,Intel Corporate,"Lot 8, Jalan Hi-Tech 2/3 Kulim Kedah MY 09000 "
MA-L,000CF1,Intel Corporation,MS: JF3-420 Hillsboro OR US 97124 
MA-L,5CB26D,Intel Corporate,"Lot 8, Jalan Hi-Tech 2/3   Kulim Kedah MY 09000 "
MA-L,E8B0C5,Intel Corporate,"Lot 8, Jalan Hi-Tech 2/3   Kulim Kedah MY 09000 "
MA-L,A8595F,Intel Corporate,"Lot 8, Jalan Hi-Tech 2/3   Kulim Kedah MY 09000 "
MA-L,E8BFB8,Intel Corporate,"Lot 8, Jalan Hi-Tech 2/3   Kulim Kedah MY 09000 "
MA-L,F8FE5E,Intel Corporate,"Lot 8, Jalan Hi-Tech 2/3   Kulim Kedah MY 09000 "
MA-L,F020FF,Intel Corporate,"Lot 8, Jalan Hi-Tech 2/3   Kulim Kedah MY 09000 "
MA-L,C88A9A,Intel Corporate,"Lot 8, Jalan Hi-Tech 2/3   Kulim Kedah MY 09000 "
MA-L,A0B339,Intel Corporate,"Lot 8, Jalan Hi-Tech 2/3   Kulim Kedah MY 09000 "
MA-L,6CF6DA,Intel Corporate,"Lot 8, Jalan Hi-Tech 2/3   Kulim Kedah MY 09000 "
MA-L,9009DF,Intel Corporate,"Lot 8, Jalan Hi-Tech 2/3   Kulim Kedah MY 09000 "
MA-L,E40D36,Intel Corporate,"Lot 8, Jalan Hi-Tech 2/3   Kulim Kedah MY 09000 "
MA-L,F43BD8,Intel Corporate,"Lot 8, Jalan Hi-Tech 2/3   Kulim Kedah MY 09000 "
MA-L,A4F933,Intel Corporate,"Lot 8, Jalan Hi-Tech 2/3   Kulim Kedah MY 09000 "
MA-L,10F60A,Intel Corporate,"Lot 8, Jalan Hi-Tech 2/3   Kulim Kedah MY 09000 "
MA-L,70D823,Intel Corporate,"Lot 8, Jalan Hi-Tech 2/3   Kulim Kedah MY 09000 "
MA-L,286B35,Intel Corporate,"Lot 8, Jalan Hi-Tech 2/3   Kulim Kedah MY 09000 "
MA-L,7404F1,Intel Corporate,"Lot 8, Jalan Hi-Tech 2/3   Kulim Kedah MY 09000 "
MA-L,ECE7A7,Intel Corporate,"Lot 8, Jalan Hi-Tech 2/3   Kulim Kedah MY 09000 "
MA-L,3CE9F7,Intel Corporate,"Lot 8, Jalan Hi-Tech 2/3   Kulim Kedah MY 09000 "
MA-L,F4CE23,Intel Corporate,"Lot 8, Jalan Hi-Tech 2/3   Kulim Kedah MY 09000 "
MA-L,64D69A,Intel Corporate,"Lot 8, Jalan Hi-Tech 2/3   Kulim Kedah MY 09000 "
MA-L,E0D045,Intel Corporate,"Lot 8, Jalan Hi-Tech 2/3   Kulim Kedah MY 09000 "
MA-L,3C219C,Intel Corporate,"Lot 8, Jalan Hi-Tech 2/3   Kulim Kedah MY 09000 "
MA-L,703217,Intel Corporate,"Lot 8, Jalan Hi-Tech 2/3   Kulim Kedah MY 09000 "
MA-L,4C034F,Intel Corporate,"Lot 8, Jalan Hi-Tech 2/3   Kulim Kedah MY 09000 "
MA-L,88D82E,Intel Corporate,"Lot 8, Jalan Hi-Tech 2/3   Kulim Kedah MY 09000 "
MA-L,F4A475,Intel Corporate,"Lot 8, Jalan Hi-Tech 2/3   Kulim Kedah MY 09000 "
MA-L,04ECD8,Intel Corporate,"Lot 8, Jalan Hi-Tech 2/3   Kulim Kedah MY 09000 "
MA-L,BC091B,Intel Corporate,"Lot 8, Jalan Hi-Tech 2/3   Kulim Kedah MY 09000 "
MA-L,8C1D96,Intel Corporate,"Lot 8, Jalan Hi-Tech 2/3   Kulim Kedah MY 09000 "
MA-L,60DD8E,Intel Corporate,"Lot 8, Jalan Hi-Tech 2/3   Kulim Kedah MY 09000 "
MA-L,1CC10C,Intel Corporate,"Lot 8, Jalan Hi-Tech 2/3   Kulim Kedah MY 09000 "
MA-L,F057A6,Intel Corporate,"Lot 8, Jalan Hi-Tech 2/3   Kulim Kedah MY 09000 "
MA-L,CC1531,Intel Corporate,"Lot 8, Jalan Hi-Tech 2/3   Kulim Kedah MY 09000 "
MA-L,0C9A3C,Intel Corporate,"Lot 8, Jalan Hi-Tech 2/3   Kulim Kedah MY 09000 "
MA-L,DC2148,Intel Corporate,"Lot 8, Jalan Hi-Tech 2/3   Kulim Kedah MY 09000 "
MA-L,2811A8,Intel Corporate,"Lot 8, Jalan Hi-Tech 2/3   Kulim Kedah MY 09000 "
MA-L,201E88,Intel Corporate,"Lot 8, Jalan Hi-Tech 2/3   Kulim Kedah MY 09000 "
MA-L,28D0EA,Intel Corporate,"Lot 8, Jalan Hi-Tech 2/3   Kulim Kedah MY 09000 "
MA-L,1C9957,Intel Corporate,"Lot 8, Jalan Hi-Tech 2/3   Kulim Kedah MY 09000 "
MA-L,B06088,Intel Corporate,"Lot 8, Jalan Hi-Tech 2/3   Kulim Kedah MY 09000 "
MA-L,845CF3,Intel Corporate,"Lot 8, Jalan Hi-Tech 2/3   Kulim Kedah MY 09000 "
MA-L,D03C1F,Intel Corporate,"Lot 8, Jalan Hi-Tech 2/3   Kulim Kedah MY 09000 "
MA-L,A46BB6,Intel Corporate,"Lot 8, Jalan Hi-Tech 2/3   Kulim Kedah MY 09000 "
MA-L,F85EA0,Intel Corporate,"Lot 8, Jalan Hi-Tech 2/3   Kulim Kedah MY 09000 "
MA-L,38FC98,Intel Corporate,"Lot 8, Jalan Hi-Tech 2/3   Kulim Kedah MY 09000 "
MA-L,502F9B,Intel Corporate,"Lot 8, Jalan Hi-Tech 2/3   Kulim Kedah MY 09000 "
MA-L,401C83,Intel Corporate,"Lot 8, Jalan Hi-Tech 2/3   Kulim Kedah MY 09000 "
MA-L,683E26,Intel Corporate,"Lot 8, Jalan Hi-Tech 2/3   Kulim Kedah MY 09000 "
MA-L,8C554A,Intel Corporate,"Lot 8, Jalan Hi-Tech 2/3   Kulim Kedah MY 09000 "
MA-L,709CD1,Intel Corporate,"Lot 8, Jalan Hi-Tech 2/3   Kulim Kedah MY 09000 "
MA-L,68545A,Intel Corporate,"Lot 8, Jalan Hi-Tech 2/3  Kulim Kedah MY 09000 "
MA-L,2CDB07,Intel Corporate,"Lot 8, Jalan Hi-Tech 2/3  Kulim Kedah MY 09000 "
MA-L,988D46,Intel Corporate,"Lot 8, Jalan Hi-Tech 2/3  Kulim Kedah MY 09000 "
MA-L,342EB7,Intel Corporate,"Lot 8, Jalan Hi-Tech 2/3  Kulim Kedah MY 09000 "
MA-L,F0D5BF,Intel Corporate,"Lot 8, Jalan Hi-Tech 2/3 Kulim Kedah MY 09000 "
MA-L,60F262,Intel Corporate,"Lot 8, Jalan Hi-Tech 2/3  Kulim Kedah MY 09000 "
MA-L,A4B1C1,Intel Corporate,"Lot 8, Jalan Hi-Tech 2/3  Kulim Kedah MY 09000 "
MA-L,6C6A77,Intel Corporate,"Lot 8, Jalan Hi-Tech 2/3  Kulim Kedah MY 09000 "
MA-L,C8B29B,Intel Corporate,"Lot 8, Jalan Hi-Tech 2/3  Kulim Kedah MY 09000 "
MA-L,E45E37,Intel Corporate,"Lot 8, Jalan Hi-Tech 2/3  Kulim Kedah MY 09000 "
MA-L,3C58C2,Intel Corporate,"Lot 8, Jalan Hi-Tech 2/3  Kulim Kedah MY 09000 "
MA-L,CCF9E4,Intel Corporate,"Lot 8, Jalan Hi-Tech 2/3  Kulim Kedah MY 09000 "
MA-L,8CC681,Intel Corporate,"Lot 8, Jalan Hi-Tech 2/3  Kulim Kedah MY 09000 "
MA-L,C809A8,Intel Corporate,"Lot 8, Jalan Hi-Tech 2/3  Kulim Kedah MY 09000 "
MA-L,C0B883,Intel Corporate,"Lot 8, Jalan Hi-Tech 2/3  Kulim Kedah MY 09000 "
MA-L,24418C,Intel Corporate,"Lot 8, Jalan Hi-Tech 2/3  Kulim Kedah MY 09000 "
MA-L,D4D252,Intel Corporate,"Lot 8, Jalan Hi-Tech 2/3  Kulim Kedah MY 09000 "
MA-L,58A023,Intel Corporate,"Lot 8, Jalan Hi-Tech 2/3  Kulim Kedah MY 09000 "
MA-L,907841,Intel Corporate,"Lot 8, Jalan Hi-Tech 2/3  Kulim Kedah MY 09000 "
MA-L,380025,Intel Corporate,"Lot 8, Jalan Hi-Tech 2/3  Kulim Kedah MY 09000 "
MA-L,A86DAA,Intel Corporate,"Lot 8, Jalan Hi-Tech 2/3  Kulim Kedah MY 09000 "
MA-L,207918,Intel Corporate,"Lot 8, Jalan Hi-Tech 2/3  Kulim Kedah MY 09000 "
MA-L,A0A4C5,Intel Corporate,"Lot 8, Jalan Hi-Tech 2/3  Kulim Kedah MY 09000 "
MA-L,F4D108,Intel Corporate,"Lot 8, Jalan Hi-Tech 2/3  Kulim Kedah MY 09000 "
MA-L,181DEA,Intel Corporate,"Lot 8, Jalan Hi-Tech 2/3  Kulim Kedah MY 09000 "
MA-L,185680,Intel Corporate,"Lot 8, Jalan Hi-Tech 2/3  Kulim Kedah MY 09000 "
MA-L,645D86,Intel Corporate,"Lot 8, Jalan Hi-Tech 2/3  Kulim Kedah MY 09000 "
MA-L,04D3B0,Intel Corporate,"Lot 8, Jalan Hi-Tech 2/3  Kulim Kedah MY 09000 "
MA-L,E4A7A0,Intel Corporate,"Lot 8, Jalan Hi-Tech 2/3  Kulim Kedah MY 09000 "
MA-L,40A3CC,Intel Corporate,"Lot 8, Jalan Hi-Tech 2/3  Kulim Kedah MY 09000 "
MA-L,801934,Intel Corporate,"Lot 8, Jalan Hi-Tech 2/3  Kulim Kedah MY 09000 "
MA-L,6432A8,Intel Corporate,"Lot 8, Jalan Hi-Tech 2/3  Kulim Kedah MY 09000 "
MA-L,CC2F71,Intel Corporate,"Lot 8, Jalan Hi-Tech 2/3 Kulim Kedah MY 09000 "
MA-L,1C4D70,Intel Corporate,"Lot 8, Jalan Hi-Tech 2/3 Kulim Kedah MY 09000 "
MA-L,F49634,Intel Corporate,"Lot 8, Jalan Hi-Tech 2/3 Kulim Kedah MY 09000 "
MA-L,F8633F,Intel Corporate,"Lot 8, Jalan Hi-Tech 2/3 Kulim Kedah MY 09000 "
MA-L,B88198,Intel Corporate,"Lot 8, Jalan Hi-Tech 2/3 Kulim Kedah MY 09000 "
MA-L,00AA01,Intel Corporation,445 piscataway NJ US 08554 
MA-L,00AA00,Intel Corporation,5200 NE ELAM YOUNG PARKWAY HILLSBORO OR US 97124 
MA-L,00C2C6,Intel Corporate,"Lot 8, Jalan Hi-Tech 2/3  Kulim Kedah MY 09000 "
MA-L,5CD2E4,Intel Corporate,"Lot 8, Jalan Hi-Tech 2/3  Kulim Kedah MY 09000 "
MA-L,28B2BD,Intel Corporate,"Lot 8, Jalan Hi-Tech 2/3  Kulim Kedah MY 09000 "
MA-L,448500,Intel Corporate,"Lot 8, Jalan Hi-Tech 2/3  Kulim Kedah MY 09000 "
MA-L,0CD292,Intel Corporate,"Lot 8, Jalan Hi-Tech 2/3  Kulim Kedah MY 09000 "
MA-L,685D43,Intel Corporate,"Lot 8, Jalan Hi-Tech 2/3  Kulim Kedah MY 09000 "
MA-L,A0369F,Intel Corporate,"Lot 8, Jalan Hi-Tech 2/3  Kulim Kedah MY 09000 "
MA-L,64D4DA,Intel Corporate,"Lot 8, Jalan Hi-Tech 2/3  Kulim Kedah MY 09000 "
MA-L,4025C2,Intel Corporate,"Lot 8, Jalan Hi-Tech 2/3  Kulim Kedah MY 09000 "
MA-L,502DA2,Intel Corporate,"Lot 8, Jalan Hi-Tech 2/3  Kulim Kedah MY 09000 "
MA-L,78929C,Intel Corporate,"Lot 8, Jalan Hi-Tech 2/3  Kulim Kedah MY 09000 "
MA-L,4C79BA,Intel Corporate,"Lot 8, Jalan Hi-Tech 2/3  Kulim Kedah MY 09000 "
MA-L,84A6C8,Intel Corporate,"Lot 8, Jalan Hi-Tech 2/3  Kulim Kedah MY 09000 "
MA-L,5891CF,Intel Corporate,"Lot 8, Jalan Hi-Tech 2/3  Kulim Kedah MY 09000 "
MA-L,0C8BFD,Intel Corporate,"Lot 8, Jalan Hi-Tech 2/3  Kulim Kedah MY 09000 "
MA-L,843A4B,Intel Corporate,"Lot 8, Jalan Hi-Tech 2/3  Kulim Kedah MY 09000 "
MA-L,5C514F,Intel Corporate,"Lot 8, Jalan Hi-Tech 2/3  Kulim Kedah MY 09000 "
MA-L,A44E31,Intel Corporate,"Lot 8, Jalan Hi-Tech 2/3  Kulim Kedah MY 09000 "
MA-L,DCA971,Intel Corporate,"Lot 8, Jalan Hi-Tech 2/3  Kulim Kedah MY 09000 "
MA-L,58946B,Intel Corporate,"Lot 8, Jalan Hi-Tech 2/3  Kulim Kedah MY 09000 "
MA-L,0024D7,Intel Corporate,"Lot 8, Jalan Hi-Tech 2/3  Kulim Kedah MY 09000 "
MA-L,0024D6,Intel Corporate,"Lot 8, Jalan Hi-Tech 2/3  Kulim Kedah MY 09000 "
MA-L,001DE0,Intel Corporate,"Lot 8, Jalan Hi-Tech 2/3  Kulim Kedah MY 09000 "
MA-L,A0A8CD,Intel Corporate,"Lot 8, Jalan Hi-Tech 2/3  Kulim Kedah MY 09000 "
MA-L,5CC5D4,Intel Corporate,"Lot 8, Jalan Hi-Tech 2/3  Kulim Kedah MY 09000 "
MA-L,4CEB42,Intel Corporate,"Lot 8, Jalan Hi-Tech 2/3  Kulim Kedah MY 09000 "
MA-L,F81654,Intel Corporate,"Lot 8, Jalan Hi-Tech 2/3  Kulim Kedah MY 09000 "
MA-L,606C66,Intel Corporate,"Lot 8, Jalan Hi-Tech 2/3  Kulim Kedah MY 09000 "
MA-L,4C8093,Intel Corporate,"Lot 8, Jalan Hi-Tech 2/3  Kulim Kedah MY 09000 "
MA-L,AC7289,Intel Corporate,"Lot 8, Jalan Hi-Tech 2/3  Kulim Kedah MY 09000 "
MA-L,001E64,Intel Corporate,"Lot 8, Jalan Hi-Tech 2/3  Kulim Kedah MY 09000 "
MA-L,00215C,Intel Corporate,"Lot 8, Jalan Hi-Tech 2/3  Kulim Kedah MY 09000 "
MA-L,00216B,Intel Corporate,"Lot 8, Jalan Hi-Tech 2/3  Kulim Kedah MY 09000 "
MA-L,0022FB,Intel Corporate,"Lot 8, Jalan Hi-Tech 2/3  Kulim Kedah MY 09000 "
MA-L,001517,Intel Corporate,"Lot 8, Jalan Hi-Tech 2/3  Kulim Kedah MY 09000 "
MA-L,3CFDFE,Intel Corporate,"Lot 8, Jalan Hi-Tech 2/3 Kulim Kedah MY 09000 "
MA-L,A4C494,Intel Corporate,"Lot 8, Jalan Hi-Tech 2/3 Kulim Kedah MY 09000 "
MA-L,902E1C,Intel Corporate,"Lot 8, Jalan Hi-Tech 2/3 Kulim Kedah MY 09000 "
MA-L,A434D9,Intel Corporate,"Lot 8, Jalan Hi-Tech 2/3 Kulim Kedah MY 09000 "
MA-L,000423,Intel Corporation,M/S:  JF3-420 Hillsboro OR US 97124 
MA-L,001111,Intel Corporation,2111 NE 25th Avenue Hillsboro OR US 97124 
MA-L,001302,Intel Corporate,"Lot 8, Jalan Hi-tech 2/3 Kulim Kedah MY 09000 "
MA-L,D4F32D,Intel Corporate,"Lot 8, Jalan Hi-Tech 2/3   Kulim Kedah MY 09000 "
MA-L,2C7BA0,Intel Corporate,"Lot 8, Jalan Hi-Tech 2/3   Kulim Kedah MY 09000 "
MA-L,60452E,Intel Corporate,"Lot 8, Jalan Hi-Tech 2/3   Kulim Kedah MY 09000 "
MA-L,8CE9EE,Intel Corporate,"Lot 8, Jalan Hi-Tech 2/3   Kulim Kedah MY 09000 "
MA-L,4C496C,Intel Corporate,"Lot 8, Jalan Hi-Tech 2/3   Kulim Kedah MY 09000 "
MA-L,C8154E,Intel Corporate,"Lot 8, Jalan Hi-Tech 2/3   Kulim Kedah MY 09000 "
MA-L,D4E98A,Intel Corporate,"Lot 8, Jalan Hi-Tech 2/3   Kulim Kedah MY 09000 "
MA-L,300505,Intel Corporate,"Lot 8, Jalan Hi-Tech 2/3   Kulim Kedah MY 09000 "
MA-L,B0DCEF,Intel Corporate,"Lot 8, Jalan Hi-Tech 2/3   Kulim Kedah MY 09000 "
MA-L,7413EA,Intel Corporate,"Lot 8, Jalan Hi-Tech 2/3   Kulim Kedah MY 09000 "
MA-L,B48351,Intel Corporate,"Lot 8, Jalan Hi-Tech 2/3   Kulim Kedah MY 09000 "
MA-L,30894A,Intel Corporate,"Lot 8, Jalan Hi-Tech 2/3   Kulim Kedah MY 09000 "
MA-L,98597A,Intel Corporate,"Lot 8, Jalan Hi-Tech 2/3   Kulim Kedah MY 09000 "
MA-L,64497D,Intel Corporate,"Lot 8, Jalan Hi-Tech 2/3   Kulim Kedah MY 09000 "
MA-L,00D49E,Intel Corporate,"Lot 8, Jalan Hi-Tech 2/3   Kulim Kedah MY 09000 "
MA-L,8C1759,Intel Corporate,"Lot 8, Jalan Hi-Tech 2/3   Kulim Kedah MY 09000 "
MA-L,04CF4B,Intel Corporate,"Lot 8, Jalan Hi-Tech 2/3   Kulim Kedah MY 09000 "
MA-L,7CB566,Intel Corporate,"Lot 8, Jalan Hi-Tech 2/3   Kulim Kedah MY 09000 "
MA-L,C475AB,Intel Corporate,"Lot 8, Jalan Hi-Tech 2/3   Kulim Kedah MY 09000 "
MA-L,F89E94,Intel Corporate,"Lot 8, Jalan Hi-Tech 2/3   Kulim Kedah MY 09000 "
MA-L,C403A8,Intel Corporate,"Lot 8, Jalan Hi-Tech 2/3   Kulim Kedah MY 09000 "
MA-L,2C0DA7,Intel Corporate,"Lot 8, Jalan Hi-Tech 2/3   Kulim Kedah MY 09000 "
MA-L,C4BDE5,Intel Corporate,"Lot 8, Jalan Hi-Tech 2/3   Kulim Kedah MY 09000 "
MA-L,F0B61E,Intel Corporate,"Lot 8, Jalan Hi-Tech 2/3   Kulim Kedah MY 09000 "
MA-L,00919E,Intel Corporate,"Lot 8, Jalan Hi-Tech 2/3   Kulim Kedah MY 09000 "
MA-L,60E32B,Intel Corporate,"Lot 8, Jalan Hi-Tech 2/3   Kulim Kedah MY 09000 "
MA-L,A864F1,Intel Corporate,"Lot 8, Jalan Hi-Tech 2/3   Kulim Kedah MY 09000 "
MA-L,D4548B,Intel Corporate,"Lot 8, Jalan Hi-Tech 2/3   Kulim Kedah MY 09000 "
MA-L,60A5E2,Intel Corporate,"Lot 8, Jalan Hi-Tech 2/3   Kulim Kedah MY 09000 "
MA-L,7C70DB,Intel Corporate,"Lot 8, Jalan Hi-Tech 2/3   Kulim Kedah MY 09000 "
MA-L,70A6CC,Intel Corporate,"Lot 8, Jalan Hi-Tech 2/3   Kulim Kedah MY 09000 "
MA-L,80B655,Intel Corporate,"Lot 8, Jalan Hi-Tech 2/3   Kulim Kedah MY 09000 "
MA-L,F44EE3,Intel Corporate,"Lot 8, Jalan Hi-Tech 2/3   Kulim Kedah MY 09000 "
MA-L,8045DD,Intel Corporate,"Lot 8, Jalan Hi-Tech 2/3   Kulim Kedah MY 09000 "
MA-L,E4FD45,Intel Corporate,"Lot 8, Jalan Hi-Tech 2/3   Kulim Kedah MY 09000 "
MA-L,C4D0E3,Intel Corporate,"Lot 8, Jalan Hi-Tech 2/3   Kulim Kedah MY 09000 "
MA-L,A4423B,Intel Corporate,"Lot 8, Jalan Hi-Tech 2/3   Kulim Kedah MY 09000 "
MA-L,70CF49,Intel Corporate,"Lot 8, Jalan Hi-Tech 2/3   Kulim Kedah MY 09000 "
MA-L,4851C5,Intel Corporate,"Lot 8, Jalan Hi-Tech 2/3   Kulim Kedah MY 09000 "
MA-L,841B77,Intel Corporate,"Lot 8, Jalan Hi-Tech 2/3   Kulim Kedah MY 09000 "
MA-L,18CC18,Intel Corporate,"Lot 8, Jalan Hi-Tech 2/3   Kulim Kedah MY 09000 "
MA-L,C03C59,Intel Corporate,"Lot 8, Jalan Hi-Tech 2/3   Kulim Kedah MY 09000 "
MA-L,FCB3BC,Intel Corporate,"Lot 8, Jalan Hi-Tech 2/3   Kulim Kedah MY 09000 "
MA-L,44AF28,Intel Corporate,"Lot 8, Jalan Hi-Tech 2/3  Kulim Kedah MY 09000 "
MA-L,DC41A9,Intel Corporate,"Lot 8, Jalan Hi-Tech 2/3  Kulim Kedah MY 09000 "
MA-L,182649,Intel Corporate,"Lot 8, Jalan Hi-Tech 2/3  Kulim Kedah MY 09000 "
MA-L,34C93D,Intel Corporate,"Lot 8, Jalan Hi-Tech 2/3  Kulim Kedah MY 09000 "
MA-L,347DF6,Intel Corporate,"Lot 8, Jalan Hi-Tech 2/3  Kulim Kedah MY 09000 "
MA-L,CCD9AC,Intel Corporate,"Lot 8, Jalan Hi-Tech 2/3  Kulim Kedah MY 09000 "
MA-L,9C2976,Intel Corporate,"Lot 8, Jalan Hi-Tech 2/3  Kulim Kedah MY 09000 "
MA-L,782B46,Intel Corporate,"Lot 8, Jalan Hi-Tech 2/3  Kulim Kedah MY 09000 "
MA-L,34CFF6,Intel Corporate,"Lot 8, Jalan Hi-Tech 2/3  Kulim Kedah MY 09000 "
MA-L,BC542F,Intel Corporate,"Lot 8, Jalan Hi-Tech 2/3  Kulim Kedah MY 09000 "
MA-L,40EC99,Intel Corporate,"Lot 8, Jalan Hi-Tech 2/3  Kulim Kedah MY 09000 "
MA-L,A87EEA,Intel Corporate,"Lot 8, Jalan Hi-Tech 2/3  Kulim Kedah MY 09000 "
MA-L,74D83E,Intel Corporate,"Lot 8, Jalan Hi-Tech 2/3  Kulim Kedah MY 09000 "
MA-L,08D23E,Intel Corporate,"Lot 8, Jalan Hi-Tech 2/3  Kulim Kedah MY 09000 "
MA-L,548D5A,Intel Corporate,"Lot 8, Jalan Hi-Tech 2/3  Kulim Kedah MY 09000 "
MA-L,58961D,Intel Corporate,"Lot 8, Jalan Hi-Tech 2/3  Kulim Kedah MY 09000 "
MA-L,B89A2A,Intel Corporate,"Lot 8, Jalan Hi-Tech 2/3  Kulim Kedah MY 09000 "
MA-L,0C7A15,Intel Corporate,"Lot 8, Jalan Hi-Tech 2/3  Kulim Kedah MY 09000 "
MA-L,40A6B7,Intel Corporate,"Lot 8, Jalan Hi-Tech 2/3  Kulim Kedah MY 09000 "
MA-L,98AF65,Intel Corporate,"Lot 8, Jalan Hi-Tech 2/3  Kulim Kedah MY 09000 "
MA-L,5CCD5B,Intel Corporate,"Lot 8, Jalan Hi-Tech 2/3  Kulim Kedah MY 09000 "
MA-L,087190,Intel Corporate,"Lot 8, Jalan Hi-Tech 2/3  Kulim Kedah MY 09000 "
MA-L,4074E0,Intel Corporate,"Lot 8, Jalan Hi-Tech 2/3  Kulim Kedah MY 09000 "
MA-L,84FDD1,Intel Corporate,"Lot 8, Jalan Hi-Tech 2/3  Kulim Kedah MY 09000 "
MA-L,DCFB48,Intel Corporate,"Lot 8, Jalan Hi-Tech 2/3  Kulim Kedah MY 09000 "
MA-L,A0510B,Intel Corporate,"Lot 8, Jalan Hi-Tech 2/3  Kulim Kedah MY 09000 "
MA-L,48F17F,Intel Corporate,"Lot 8, Jalan Hi-Tech 2/3  Kulim Kedah MY 09000 "
MA-L,D8F2CA,Intel Corporate,"Lot 8, Jalan Hi-Tech 2/3  Kulim Kedah MY 09000 "
MA-L,48A472,Intel Corporate,"Lot 8, Jalan Hi-Tech 2/3  Kulim Kedah MY 09000 "
MA-L,C0B6F9,Intel Corporate,"Lot 8, Jalan Hi-Tech 2/3  Kulim Kedah MY 09000 "
MA-L,144F8A,Intel Corporate,"Lot 8, Jalan Hi-Tech 2/3  Kulim Kedah MY 09000 "
MA-L,B46BFC,Intel Corporate,"Lot 8, Jalan Hi-Tech 2/3  Kulim Kedah MY 09000 "
MA-L,7C2A31,Intel Corporate,"Lot 8, Jalan Hi-Tech 2/3  Kulim Kedah MY 09000 "
MA-L,7470FD,Intel Corporate,"Lot 8, Jalan Hi-Tech 2/3  Kulim Kedah MY 09000 "
MA-L,7C7635,Intel Corporate,"Lot 8, Jalan Hi-Tech 2/3  Kulim Kedah MY 09000 "
MA-L,68ECC5,Intel Corporate,"Lot 8, Jalan Hi-Tech 2/3  Kulim Kedah MY 09000 "
MA-L,88B111,Intel Corporate,"Lot 8, Jalan Hi-Tech 2/3 Kulim Kedah MY 09000 "
MA-L,D4258B,Intel Corporate,"Lot 8, Jalan Hi-Tech 2/3 Kulim Kedah MY 09000 "
MA-L,F894C2,Intel Corporate,"Lot 8, Jalan Hi-Tech 2/3 Kulim Kedah MY 09000 "
MA-L,B0359F,Intel Corporate,"Lot 8, Jalan Hi-Tech 2/3 Kulim Kedah MY 09000 "
MA-L,14ABC5,Intel Corporate,"Lot 8, Jalan Hi-Tech 2/3 Kulim Kedah MY 09000 "
MA-L,BCA8A6,Intel Corporate,"Lot 8, Jalan Hi-Tech 2/3 Kulim Kedah MY 09000 "
MA-L,F48C50,Intel Corporate,"Lot 8, Jalan Hi-Tech 2/3 Kulim Kedah MY 09000 "
MA-L,0028F8,Intel Corporate,"Lot 8, Jalan Hi-Tech 2/3 Kulim Kedah MY 09000 "
MA-L,680715,Intel Corporate,"Lot 8, Jalan Hi-Tech 2/3 Kulim Kedah MY 09000 "
MA-L,4851B7,Intel Corporate,"Lot 8, Jalan Hi-Tech 2/3  Kulim Kedah MY 09000 "
MA-L,E4A471,Intel Corporate,"Lot 8, Jalan Hi-Tech 2/3 Kulim Kedah MY 09000 "
MA-L,10F005,Intel Corporate,"Lot 8, Jalan Hi-Tech 2/3 Kulim Kedah MY 09000 "
MA-L,00AA02,Intel Corporation,445 piscataway NJ US 08554 
MA-L,7C7A91,Intel Corporate,"Lot 8, Jalan Hi-Tech 2/3  Kulim Kedah MY 09000 "
MA-L,AC7BA1,Intel Corporate,"Lot 8, Jalan Hi-Tech 2/3  Kulim Kedah MY 09000 "
MA-L,6C2995,Intel Corporate,"Lot 8, Jalan Hi-Tech 2/3  Kulim Kedah MY 09000 "
MA-L,984FEE,Intel Corporate,"Lot 8, Jalan Hi-Tech 2/3  Kulim Kedah MY 09000 "
MA-L,8C705A,Intel Corporate,"Lot 8, Jalan Hi-Tech 2/3  Kulim Kedah MY 09000 "
MA-L,606720,Intel Corporate,"Lot 8, Jalan Hi-Tech 2/3  Kulim Kedah MY 09000 "
MA-L,FCF8AE,Intel Corporate,"Lot 8, Jalan Hi-Tech 2/3  Kulim Kedah MY 09000 "
MA-L,6036DD,Intel Corporate,"Lot 8, Jalan Hi-Tech 2/3  Kulim Kedah MY 09000 "
MA-L,001E65,Intel Corporate,"Lot 8, Jalan Hi-Tech 2/3  Kulim Kedah MY 09000 "
MA-L,001E67,Intel Corporate,"Lot 8, Jalan Hi-Tech 2/3  Kulim Kedah MY 09000 "
MA-L,0022FA,Intel Corporate,"Lot 8, Jalan Hi-Tech 2/3  Kulim Kedah MY 09000 "
MA-L,001500,Intel Corporate,"Lot 8, Jalan Hi-Tech 2/3  Kulim Kedah MY 09000 "
MA-L,A088B4,Intel Corporate,"Lot 8, Jalan Hi-Tech 2/3  Kulim Kedah MY 09000 "
MA-L,648099,Intel Corporate,"Lot 8, Jalan Hi-Tech 2/3  Kulim Kedah MY 09000 "
MA-L,D07E35,Intel Corporate,"Lot 8, Jalan Hi-Tech 2/3  Kulim Kedah MY 09000 "
MA-L,E82AEA,Intel Corporate,"Lot 8, Jalan Hi-Tech 2/3  Kulim Kedah MY 09000 "
MA-L,605718,Intel Corporate,"Lot 8, Jalan Hi-Tech 2/3  Kulim Kedah MY 09000 "
MA-L,C4D987,Intel Corporate,"Lot 8, Jalan Hi-Tech 2/3  Kulim Kedah MY 09000 "
MA-L,100BA9,Intel Corporate,"Lot 8, Jalan Hi-Tech 2/3  Kulim Kedah MY 09000 "
MA-L,00270E,Intel Corporate,"Lot 8, Jalan Hi-Tech 2/3  Kulim Kedah MY 09000 "
MA-L,0016EB,Intel Corporate,"Lot 8, Jalan Hi-Tech 2/3  Kulim Kedah MY 09000 "
MA-L,0018DE,Intel Corporate,"Lot 8, Jalan Hi-Tech 2/3  Kulim Kedah MY 09000 "
MA-L,5CE0C5,Intel Corporate,"Lot 8, Jalan Hi-Tech 2/3 Kulim Kedah MY 09000 "
MA-L,58A839,Intel Corporate,"Lot 8, Jalan Hi-Tech 2/3 Kulim Kedah MY 09000 "
MA-L,7C5CF8,Intel Corporate,"Lot 8, Jalan Hi-Tech 2/3 Kulim Kedah MY 09000 "
MA-L,2C6E85,Intel Corporate,"Lot 8, Jalan Hi-Tech 2/3 Kulim Kedah MY 09000 "
MA-L,E4FAFD,Intel Corporate,"Lot 8, Jalan Hi-Tech 2/3 Kulim Kedah MY 09000 "
MA-L,94659C,Intel Corporate,"Lot 8, Jalan Hi-Tech 2/3 Kulim Kedah MY 09000 "
MA-L,484520,Intel Corporate,"Lot 8, Jalan Hi-Tech 2/3 Kulim Kedah MY 09000 "
MA-L,9049FA,Intel Corporate,"Lot 8, Jalan Hi-Tech 2/3 Kulim Kedah MY 09000 "
MA-L,BC0F64,Intel Corporate,"Lot 8, Jalan Hi-Tech 2/3 Kulim Kedah MY 09000 "
MA-L,0002B3,Intel Corporation,M/S:  JF3-420 Hillsboro OR US 97124 
MA-L,000347,Intel Corporation,M/S:  JF3-420 Hillsboro OR US 97124 
MA-L,000E0C,Intel Corporation,2111 NE  25th Avenue Hillsboro OR US 97124 
MA-L,001320,Intel Corporate,"Lot 8, Jalan Hi-tech 2/3 Kulim Kedah MY 09000 "
MA-L,105FAD,Intel Corporate,"Lot 8, Jalan Hi-Tech 2/3   Kulim Kedah MY 09000 "
MA-L,4CB04A,Intel Corporate,"Lot 8, Jalan Hi-Tech 2/3   Kulim Kedah MY 09000 "
MA-L,E08F4C,Intel Corporate,"Lot 8, Jalan Hi-Tech 2/3   Kulim Kedah MY 09000 "
MA-L,001735,Intel Wireless Network Group,2111 NE 25th Ave Hillsboro OR US 97124 
MA-L,001D40, Intel â€“ GE Care Innovations LLC,3721 Douglas Blvd Roseville CA US 95661 
