MA-L,9CC9EB,NETGEAR,350 East Plumeria Drive San Jose CA US 95134 
MA-L,3894ED,NETGEAR,350 East Plumeria Drive San Jose CA US 95134 
MA-L,100C6B,NETGEAR,350 East Plumeria Drive San Jose CA US 95134 
MA-L,78D294,NETGEAR,350 East Plumeria Drive San Jose CA US 95134 
MA-L,B07FB9,NETGEAR,350 East Plumeria Drive San Jose CA US 95134 
MA-L,08BD43,NETGEAR,350 East Plumeria Drive San Jose CA US 95134 
MA-L,4C60DE,NETGEAR,350 East Plumeria Drive San Jose CA US 95134 
MA-L,C43DC7,NETGEAR,350 East Plumeria Drive San Jose CA US 95134 
MA-L,405D82,NETGEAR,350 East Plumeria Drive San Jose CA US 95134 
MA-L,DCEF09,NETGEAR,350 East Plumeria Drive San Jose CA US 95134 
MA-L,289401,NETGEAR,350 East Plumeria Drive San Jose CA US 95134 
MA-L,44A56E,NETGEAR,350 East Plumeria Drive San Jose CA US 95134 
MA-L,288088,NETGEAR,350 East Plumeria Drive San Jose CA US 95134 
MA-L,1459C0,NETGEAR,350 East Plumeria Drive San Jose CA US 95134 
MA-L,CC40D0,NETGEAR,350 East Plumeria Drive San Jose CA US 95134 
MA-L,08028E,NETGEAR,350 East Plumeria Drive San Jose CA US 95134 
MA-L,9C3DCF,NETGEAR,350 East Plumeria Drive San Jose CA US 95134 
MA-L,C40415,NETGEAR,350 East Plumeria Drive San Jose CA US 95134 
MA-L,E8FCAF,NETGEAR,350 East Plumeria Drive San Jose CA US 95134 
MA-L,841B5E,NETGEAR,350 East Plumeria Drive San Jose CA US 95134 
MA-L,2CB05D,NETGEAR,350 East Plumeria Drive San Jose CA US 95134 
MA-L,A021B7,NETGEAR,350 East Plumeria Drive San Jose CA US 95134 
MA-L,C0FFD4,NETGEAR,350 East Plumeria Drive San Jose CA US 95134 
MA-L,6CB0CE,NETGEAR,350 East Plumeria Drive San Jose CA US 95134 
MA-L,008EF2,NETGEAR,350 East Plumeria Drive San Jose CA US 95134 
MA-L,9CD36D,NETGEAR,350 East Plumeria Drive San Jose CA US 95134 
MA-L,0024B2,NETGEAR,350 East Plumeria Drive San Jose CA US 95134 
MA-L,001B2F,NETGEAR,350 East Plumeria Drive San Jose CA US 95134 
MA-L,001F33,NETGEAR,350 East Plumeria Drive San Jose CA US 95134 
MA-L,E046EE,NETGEAR,350 East Plumeria Drive San Jose CA US 95134 
MA-L,941865,NETGEAR,350 East Plumeria Drive San Jose CA US 95134 
MA-L,B03956,NETGEAR,350 East Plumeria Drive San Jose CA US 95134 
MA-L,A06391,NETGEAR,350 East Plumeria Drive San Jose CA US 95134 
MA-L,20E52A,NETGEAR,350 East Plumeria Drive San Jose CA US 95134 
MA-L,4494FC,NETGEAR,350 East Plumeria Drive San Jose CA US 95134 
MA-L,E091F5,NETGEAR,350 East Plumeria Drive San Jose CA US 95134 
MA-L,00146C,NETGEAR,350 East Plumeria Drive San Jose CA US 95134 
MA-L,001E2A,NETGEAR,350 East Plumeria Drive San Jose CA US 95134 
MA-L,00184D,NETGEAR,350 East Plumeria Drive San Jose CA US 95134 
MA-L,200CC8,NETGEAR,350 East Plumeria Drive San Jose CA US 95134 
MA-L,744401,NETGEAR,350 East Plumeria Drive San Jose CA US 95134 
MA-L,54077D,NETGEAR,350 East Plumeria Drive San Jose CA US 95134 
MA-L,3498B5,NETGEAR,350 East Plumeria Drive San Jose CA US 95134 
MA-L,C89E43,NETGEAR,350 East Plumeria Drive San Jose CA US 95134 
MA-L,80CC9C,NETGEAR,350 East Plumeria Drive San Jose CA US 95134 
MA-L,94A67E,NETGEAR,350 East Plumeria Drive San Jose CA US 95134 
MA-L,BCA511,NETGEAR,350 East Plumeria Drive San Jose CA US 95134 
MA-L,3C3786,NETGEAR,350 East Plumeria Drive San Jose CA US 95134 
MA-L,8C3BAD,NETGEAR,350 East Plumeria Drive San Jose CA US 95134 
MA-L,B0B98A,NETGEAR,350 East Plumeria Drive San Jose CA US 95134 
MA-L,A00460,NETGEAR,350 East Plumeria Drive San Jose CA US 95134 
MA-L,506A03,NETGEAR,350 East Plumeria Drive San Jose CA US 95134 
MA-L,100D7F,NETGEAR,350 East Plumeria Drive San Jose CA US 95134 
MA-L,504A6E,NETGEAR,350 East Plumeria Drive San Jose CA US 95134 
MA-L,E0469A,NETGEAR,350 East Plumeria Drive San Jose CA US 95134 
MA-L,30469A,NETGEAR,350 East Plumeria Drive San Jose CA US 95134 
MA-L,2C3033,NETGEAR,350 East Plumeria Drive San Jose CA US 95134 
MA-L,6CCDD6,NETGEAR,350 East Plumeria Drive San Jose CA US 95134 
MA-L,0836C9,NETGEAR,350 East Plumeria Drive San Jose CA US 95134 
MA-L,A040A0,NETGEAR,350 East Plumeria Drive San Jose CA US 95134 
MA-L,10DA43,NETGEAR,350 East Plumeria Drive San Jose CA US 95134 
MA-L,C03F0E,NETGEAR,350 East Plumeria Drive San Jose CA US 95134 
MA-L,0026F2,NETGEAR,350 East Plumeria Drive San Jose CA US 95134 
MA-L,00223F,NETGEAR,350 East Plumeria Drive San Jose CA US 95134 
MA-L,000FB5,NETGEAR,350 East Plumeria Drive San Jose CA US 95134 
MA-L,00095B,NETGEAR,350 East Plumeria Drive San Jose CA US 95134 
MA-L,803773,NETGEAR,350 East Plumeria Drive San Jose CA US 95134 
MA-L,A42B8C,NETGEAR,350 East Plumeria Drive San Jose CA US 95134 
MA-L,28C68E,NETGEAR,350 East Plumeria Drive San Jose CA US 95134 
MA-L,04A151,NETGEAR,350 East Plumeria Drive San Jose CA US 95134 
MA-L,F87394,NETGEAR,350 East Plumeria Drive San Jose CA US 95134 
MA-L,204E7F,NETGEAR,350 East Plumeria Drive San Jose CA US 95134 
MA-L,E4F4C6,NETGEAR,350 East Plumeria Drive San Jose CA US 95134 
Registry,Assignment,Organization Name,Organization Address
